Group,Name,FMS
ViT,ViT,0.6265984942735436
RN50,RN50,0.6832252572696662